ID,price
10000,14.2857
10001,14.2857
10002,14.2857
10003,14.2857
10004,14.2857
10005,14.2857
10006,14.2857
10007,14.2857
10008,14.2857
10009,14.2857
10010,14.2857
10011,14.2857
10012,14.2857
10013,14.2857
10014,14.2857
10015,14.2857
10016,14.2857
10017,14.2857
10018,14.2857
10019,14.2857
10020,14.2857
10021,14.2857
10022,14.2857
10023,14.2857
10024,14.2857
10025,14.2857
10026,14.2857
10027,14.2857
10028,14.2857
10029,14.2857
10030,14.2857
10031,14.2857
10032,14.2857
10033,14.2857
10034,14.2857
10035,14.2857
10036,14.2857
10037,14.2857
10038,14.2857
10039,14.2857
10040,14.2857
10041,14.2857
10042,14.2857
10043,14.2857
10044,14.2857
10045,14.2857
10046,14.2857
10047,14.2857
10048,14.2857
10049,14.2857
10050,14.2857
10051,14.2857
10052,14.2857
10053,14.2857
10054,14.2857
10055,14.2857
10056,14.2857
10057,14.2857
10058,14.2857
10059,14.2857
10060,14.2857
10061,14.2857
10062,14.2857
10063,14.2857
10064,14.2857
10065,14.2857
10066,14.2857
10067,14.2857
10068,14.2857
10069,14.2857
10070,14.2857
10071,14.2857
10072,14.2857
10073,14.2857
10074,14.2857
10075,14.2857
10076,14.2857
10077,14.2857
10078,14.2857
10079,14.2857
10080,14.2857
10081,14.2857
10082,14.2857
10083,14.2857
10084,14.2857
10085,14.2857
10086,14.2857
10087,14.2857
10088,14.2857
10089,14.2857
10090,14.2857
10091,14.2857
10092,14.2857
10093,14.2857
10094,14.2857
10095,14.2857
10096,14.2857
10097,14.2857
10098,14.2857
10099,14.2857
10100,14.2857
10101,14.2857
10102,14.2857
10103,14.2857
10104,14.2857
10105,14.2857
10106,14.2857
10107,14.2857
10108,14.2857
10109,14.2857
10110,14.2857
10111,14.2857
10112,14.2857
10113,14.2857
10114,14.2857
10115,14.2857
10116,14.2857
10117,14.2857
10118,14.2857
10119,14.2857
10120,14.2857
10121,14.2857
10122,14.2857
10123,14.2857
10124,14.2857
10125,14.2857
10126,14.2857
10127,14.2857
10128,14.2857
10129,14.2857
10130,14.2857
10131,14.2857
10132,14.2857
10133,14.2857
10134,14.2857
10135,14.2857
10136,14.2857
10137,14.2857
10138,14.2857
10139,14.2857
10140,14.2857
10141,14.2857
10142,14.2857
10143,14.2857
10144,14.2857
10145,14.2857
10146,14.2857
10147,14.2857
10148,14.2857
10149,14.2857
10150,14.2857
10151,14.2857
10152,14.2857
10153,14.2857
10154,14.2857
10155,14.2857
10156,14.2857
10157,14.2857
10158,14.2857
10159,14.2857
10160,14.2857
10161,14.2857
10162,14.2857
10163,14.2857
10164,14.2857
10165,14.2857
10166,14.2857
10167,14.2857
10168,14.2857
10169,14.2857
10170,14.2857
10171,14.2857
10172,14.2857
10173,14.2857
10174,14.2857
10175,14.2857
10176,14.2857
10177,14.2857
10178,14.2857
10179,14.2857
10180,14.2857
10181,14.2857
10182,14.2857
10183,14.2857
10184,14.2857
10185,14.2857
10186,14.2857
10187,14.2857
10188,14.2857
10189,14.2857
10190,14.2857
10191,14.2857
10192,14.2857
10193,14.2857
10194,14.2857
10195,14.2857
10196,14.2857
10197,14.2857
10198,14.2857
10199,14.2857
10200,14.2857
10201,14.2857
10202,14.2857
10203,14.2857
10204,14.2857
10205,14.2857
10206,14.2857
10207,14.2857
10208,14.2857
10209,14.2857
10210,14.2857
10211,14.2857
10212,14.2857
10213,14.2857
10214,14.2857
10215,14.2857
10216,14.2857
10217,14.2857
10218,14.2857
10219,14.2857
10220,14.2857
10221,14.2857
10222,14.2857
10223,14.2857
10224,14.2857
10225,14.2857
10226,14.2857
10227,14.2857
10228,14.2857
10229,14.2857
10230,14.2857
10231,14.2857
10232,14.2857
10233,14.2857
10234,14.2857
10235,14.2857
10236,14.2857
10237,14.2857
10238,14.2857
10239,14.2857
10240,14.2857
10241,14.2857
10242,14.2857
10243,14.2857
10244,14.2857
10245,14.2857
10246,14.2857
10247,14.2857
10248,14.2857
10249,14.2857
10250,14.2857
10251,14.2857
10252,14.2857
10253,14.2857
10254,14.2857
10255,14.2857
10256,14.2857
10257,14.2857
10258,14.2857
10259,14.2857
10260,14.2857
10261,14.2857
10262,14.2857
10263,14.2857
10264,14.2857
10265,14.2857
10266,14.2857
10267,14.2857
10268,14.2857
10269,14.2857
10270,14.2857
10271,14.2857
10272,14.2857
10273,14.2857
10274,14.2857
10275,14.2857
10276,14.2857
10277,14.2857
10278,14.2857
10279,14.2857
10280,14.2857
10281,14.2857
10282,14.2857
10283,14.2857
10284,14.2857
10285,14.2857
10286,14.2857
10287,14.2857
10288,14.2857
10289,14.2857
10290,14.2857
10291,14.2857
10292,14.2857
10293,14.2857
10294,14.2857
10295,14.2857
10296,14.2857
10297,14.2857
10298,14.2857
10299,14.2857
10300,14.2857
10301,14.2857
10302,14.2857
10303,14.2857
10304,14.2857
10305,14.2857
10306,14.2857
10307,14.2857
10308,14.2857
10309,14.2857
10310,14.2857
10311,14.2857
10312,14.2857
10313,14.2857
10314,14.2857
10315,14.2857
10316,14.2857
10317,14.2857
10318,14.2857
10319,14.2857
10320,14.2857
10321,14.2857
10322,14.2857
10323,14.2857
10324,14.2857
10325,14.2857
10326,14.2857
10327,14.2857
10328,14.2857
10329,14.2857
10330,14.2857
10331,14.2857
10332,14.2857
10333,14.2857
10334,14.2857
10335,14.2857
10336,14.2857
10337,14.2857
10338,14.2857
10339,14.2857
10340,14.2857
10341,14.2857
10342,14.2857
10343,14.2857
10344,14.2857
10345,14.2857
10346,14.2857
10347,14.2857
10348,14.2857
10349,14.2857
10350,14.2857
10351,14.2857
10352,14.2857
10353,14.2857
10354,14.2857
10355,14.2857
10356,14.2857
10357,14.2857
10358,14.2857
10359,14.2857
10360,14.2857
10361,14.2857
10362,14.2857
10363,14.2857
10364,14.2857
10365,14.2857
10366,14.2857
10367,14.2857
10368,14.2857
10369,14.2857
10370,14.2857
10371,14.2857
10372,14.2857
10373,14.2857
10374,14.2857
10375,14.2857
10376,14.2857
10377,14.2857
10378,14.2857
10379,14.2857
10380,14.2857
10381,14.2857
10382,14.2857
10383,14.2857
10384,14.2857
10385,14.2857
10386,14.2857
10387,14.2857
10388,14.2857
10389,14.2857
10390,14.2857
10391,14.2857
10392,14.2857
10393,14.2857
10394,14.2857
10395,14.2857
10396,14.2857
10397,14.2857
10398,14.2857
10399,14.2857
10400,14.2857
10401,14.2857
10402,14.2857
10403,14.2857
10404,14.2857
10405,14.2857
10406,14.2857
10407,14.2857
10408,14.2857
10409,14.2857
10410,14.2857
10411,14.2857
10412,14.2857
10413,14.2857
10414,14.2857
10415,14.2857
10416,14.2857
10417,14.2857
10418,14.2857
10419,14.2857
10420,14.2857
10421,14.2857
10422,14.2857
10423,14.2857
10424,14.2857
10425,14.2857
10426,14.2857
10427,14.2857
10428,14.2857
10429,14.2857
10430,14.2857
10431,14.2857
10432,14.2857
10433,14.2857
10434,14.2857
10435,14.2857
10436,14.2857
10437,14.2857
10438,14.2857
10439,14.2857
10440,14.2857
10441,14.2857
10442,14.2857
10443,14.2857
10444,14.2857
10445,14.2857
10446,14.2857
10447,14.2857
10448,14.2857
10449,14.2857
10450,14.2857
10451,14.2857
10452,14.2857
10453,14.2857
10454,14.2857
10455,14.2857
10456,14.2857
10457,14.2857
10458,14.2857
10459,14.2857
10460,14.2857
10461,14.2857
10462,14.2857
10463,14.2857
10464,14.2857
10465,14.2857
10466,14.2857
10467,14.2857
10468,14.2857
10469,14.2857
10470,14.2857
10471,14.2857
10472,14.2857
10473,14.2857
10474,14.2857
10475,14.2857
10476,14.2857
10477,14.2857
10478,14.2857
10479,14.2857
10480,14.2857
10481,14.2857
10482,14.2857
10483,14.2857
10484,14.2857
10485,14.2857
10486,14.2857
10487,14.2857
10488,14.2857
10489,14.2857
10490,14.2857
10491,14.2857
10492,14.2857
10493,14.2857
10494,14.2857
10495,14.2857
10496,14.2857
10497,14.2857
10498,14.2857
10499,14.2857
10500,14.2857
10501,14.2857
10502,14.2857
10503,14.2857
10504,14.2857
10505,14.2857
10506,14.2857
10507,14.2857
10508,14.2857
10509,14.2857
10510,14.2857
10511,14.2857
10512,14.2857
10513,14.2857
10514,14.2857
10515,14.2857
10516,14.2857
10517,14.2857
10518,14.2857
10519,14.2857
10520,14.2857
10521,14.2857
10522,14.2857
10523,14.2857
10524,14.2857
10525,14.2857
10526,14.2857
10527,14.2857
10528,14.2857
10529,14.2857
10530,14.2857
10531,14.2857
10532,14.2857
10533,14.2857
10534,14.2857
10535,14.2857
10536,14.2857
10537,14.2857
10538,14.2857
10539,14.2857
10540,14.2857
10541,14.2857
10542,14.2857
10543,14.2857
10544,14.2857
10545,14.2857
10546,14.2857
10547,14.2857
10548,14.2857
10549,14.2857
10550,14.2857
10551,14.2857
10552,14.2857
10553,14.2857
10554,14.2857
10555,14.2857
10556,14.2857
10557,14.2857
10558,14.2857
10559,14.2857
10560,14.2857
10561,14.2857
10562,14.2857
10563,14.2857
10564,14.2857
10565,14.2857
10566,14.2857
10567,14.2857
10568,14.2857
10569,14.2857
10570,14.2857
10571,14.2857
10572,14.2857
10573,14.2857
10574,14.2857
10575,14.2857
10576,14.2857
10577,14.2857
10578,14.2857
10579,14.2857
10580,14.2857
10581,14.2857
10582,14.2857
10583,14.2857
10584,14.2857
10585,14.2857
10586,14.2857
10587,14.2857
10588,14.2857
10589,14.2857
10590,14.2857
10591,14.2857
10592,14.2857
10593,14.2857
10594,14.2857
10595,14.2857
10596,14.2857
10597,14.2857
10598,14.2857
10599,14.2857
10600,14.2857
10601,14.2857
10602,14.2857
10603,14.2857
10604,14.2857
10605,14.2857
10606,14.2857
10607,14.2857
10608,14.2857
10609,14.2857
10610,14.2857
10611,14.2857
10612,14.2857
10613,14.2857
10614,14.2857
10615,14.2857
10616,14.2857
10617,14.2857
10618,14.2857
10619,14.2857
10620,14.2857
10621,14.2857
10622,14.2857
10623,14.2857
10624,14.2857
10625,14.2857
10626,14.2857
10627,14.2857
10628,14.2857
10629,14.2857
10630,14.2857
10631,14.2857
10632,14.2857
10633,14.2857
10634,14.2857
10635,14.2857
10636,14.2857
10637,14.2857
10638,14.2857
10639,14.2857
10640,14.2857
10641,14.2857
10642,14.2857
10643,14.2857
10644,14.2857
10645,14.2857
10646,14.2857
10647,14.2857
10648,14.2857
10649,14.2857
10650,14.2857
10651,14.2857
10652,14.2857
10653,14.2857
10654,14.2857
10655,14.2857
10656,14.2857
10657,14.2857
10658,14.2857
10659,14.2857
10660,14.2857
10661,14.2857
10662,14.2857
10663,14.2857
10664,14.2857
10665,14.2857
10666,14.2857
10667,14.2857
10668,14.2857
10669,14.2857
10670,14.2857
10671,14.2857
10672,14.2857
10673,14.2857
10674,14.2857
10675,14.2857
10676,14.2857
10677,14.2857
10678,14.2857
10679,14.2857
10680,14.2857
10681,14.2857
10682,14.2857
10683,14.2857
10684,14.2857
10685,14.2857
10686,14.2857
10687,14.2857
10688,14.2857
10689,14.2857
10690,14.2857
10691,14.2857
10692,14.2857
10693,14.2857
10694,14.2857
10695,14.2857
10696,14.2857
10697,14.2857
10698,14.2857
10699,14.2857
10700,14.2857
10701,14.2857
10702,14.2857
10703,14.2857
10704,14.2857
10705,14.2857
10706,14.2857
10707,14.2857
10708,14.2857
10709,14.2857
10710,14.2857
10711,14.2857
10712,14.2857
10713,14.2857
10714,14.2857
10715,14.2857
10716,14.2857
10717,14.2857
10718,14.2857
10719,14.2857
10720,14.2857
10721,14.2857
10722,14.2857
10723,14.2857
10724,14.2857
10725,14.2857
10726,14.2857
10727,14.2857
10728,14.2857
10729,14.2857
10730,14.2857
10731,14.2857
10732,14.2857
10733,14.2857
10734,14.2857
10735,14.2857
10736,14.2857
10737,14.2857
10738,14.2857
10739,14.2857
10740,14.2857
10741,14.2857
10742,14.2857
10743,14.2857
10744,14.2857
10745,14.2857
10746,14.2857
10747,14.2857
10748,14.2857
10749,14.2857
10750,14.2857
10751,14.2857
10752,14.2857
10753,14.2857
10754,14.2857
10755,14.2857
10756,14.2857
10757,14.2857
10758,14.2857
10759,14.2857
10760,14.2857
10761,14.2857
10762,14.2857
10763,14.2857
10764,14.2857
10765,14.2857
10766,14.2857
10767,14.2857
10768,14.2857
10769,14.2857
10770,14.2857
10771,14.2857
10772,14.2857
10773,14.2857
10774,14.2857
10775,14.2857
10776,14.2857
10777,14.2857
10778,14.2857
10779,14.2857
10780,14.2857
10781,14.2857
10782,14.2857
10783,14.2857
10784,14.2857
10785,14.2857
10786,14.2857
10787,14.2857
10788,14.2857
10789,14.2857
10790,14.2857
10791,14.2857
10792,14.2857
10793,14.2857
10794,14.2857
10795,14.2857
10796,14.2857
10797,14.2857
10798,14.2857
10799,14.2857
10800,14.2857
10801,14.2857
10802,14.2857
10803,14.2857
10804,14.2857
10805,14.2857
10806,14.2857
10807,14.2857
10808,14.2857
10809,14.2857
10810,14.2857
10811,14.2857
10812,14.2857
10813,14.2857
10814,14.2857
10815,14.2857
10816,14.2857
10817,14.2857
10818,14.2857
10819,14.2857
10820,14.2857
10821,14.2857
10822,14.2857
10823,14.2857
10824,14.2857
10825,14.2857
10826,14.2857
10827,14.2857
10828,14.2857
10829,14.2857
10830,14.2857
10831,14.2857
10832,14.2857
10833,14.2857
10834,14.2857
10835,14.2857
10836,14.2857
10837,14.2857
10838,14.2857
10839,14.2857
10840,14.2857
10841,14.2857
10842,14.2857
10843,14.2857
10844,14.2857
10845,14.2857
10846,14.2857
10847,14.2857
10848,14.2857
10849,14.2857
10850,14.2857
10851,14.2857
10852,14.2857
10853,14.2857
10854,14.2857
10855,14.2857
10856,14.2857
10857,14.2857
10858,14.2857
10859,14.2857
10860,14.2857
10861,14.2857
10862,14.2857
10863,14.2857
10864,14.2857
10865,14.2857
10866,14.2857
10867,14.2857
10868,14.2857
10869,14.2857
10870,14.2857
10871,14.2857
10872,14.2857
10873,14.2857
10874,14.2857
10875,14.2857
10876,14.2857
10877,14.2857
10878,14.2857
10879,14.2857
10880,14.2857
10881,14.2857
10882,14.2857
10883,14.2857
10884,14.2857
10885,14.2857
10886,14.2857
10887,14.2857
10888,14.2857
10889,14.2857
10890,14.2857
10891,14.2857
10892,14.2857
10893,14.2857
10894,14.2857
10895,14.2857
10896,14.2857
10897,14.2857
10898,14.2857
10899,14.2857
10900,14.2857
10901,14.2857
10902,14.2857
10903,14.2857
10904,14.2857
10905,14.2857
10906,14.2857
10907,14.2857
10908,14.2857
10909,14.2857
10910,14.2857
10911,14.2857
10912,14.2857
10913,14.2857
10914,14.2857
10915,14.2857
10916,14.2857
10917,14.2857
10918,14.2857
10919,14.2857
10920,14.2857
10921,14.2857
10922,14.2857
10923,14.2857
10924,14.2857
10925,14.2857
10926,14.2857
10927,14.2857
10928,14.2857
10929,14.2857
10930,14.2857
10931,14.2857
10932,14.2857
10933,14.2857
10934,14.2857
10935,14.2857
10936,14.2857
10937,14.2857
10938,14.2857
10939,14.2857
10940,14.2857
10941,14.2857
10942,14.2857
10943,14.2857
10944,14.2857
10945,14.2857
10946,14.2857
10947,14.2857
10948,14.2857
10949,14.2857
10950,14.2857
10951,14.2857
10952,14.2857
10953,14.2857
10954,14.2857
10955,14.2857
10956,14.2857
10957,14.2857
10958,14.2857
10959,14.2857
10960,14.2857
10961,14.2857
10962,14.2857
10963,14.2857
10964,14.2857
10965,14.2857
10966,14.2857
10967,14.2857
10968,14.2857
10969,14.2857
10970,14.2857
10971,14.2857
10972,14.2857
10973,14.2857
10974,14.2857
10975,14.2857
10976,14.2857
10977,14.2857
10978,14.2857
10979,14.2857
10980,14.2857
10981,14.2857
10982,14.2857
10983,14.2857
10984,14.2857
10985,14.2857
10986,14.2857
10987,14.2857
10988,14.2857
10989,14.2857
10990,14.2857
10991,14.2857
10992,14.2857
10993,14.2857
10994,14.2857
10995,14.2857
10996,14.2857
10997,14.2857
10998,14.2857
10999,14.2857
11000,14.2857
11001,14.2857
11002,14.2857
11003,14.2857
11004,14.2857
11005,14.2857
11006,14.2857
11007,14.2857
11008,14.2857
11009,14.2857
11010,14.2857
11011,14.2857
11012,14.2857
11013,14.2857
11014,14.2857
11015,14.2857
11016,14.2857
11017,14.2857
11018,14.2857
11019,14.2857
11020,14.2857
11021,14.2857
11022,14.2857
11023,14.2857
11024,14.2857
11025,14.2857
11026,14.2857
11027,14.2857
11028,14.2857
11029,14.2857
11030,14.2857
11031,14.2857
11032,14.2857
11033,14.2857
11034,14.2857
11035,14.2857
11036,14.2857
11037,14.2857
11038,14.2857
11039,14.2857
11040,14.2857
11041,14.2857
11042,14.2857
11043,14.2857
11044,14.2857
11045,14.2857
11046,14.2857
11047,14.2857
11048,14.2857
11049,14.2857
11050,14.2857
11051,14.2857
11052,14.2857
11053,14.2857
11054,14.2857
11055,14.2857
11056,14.2857
11057,14.2857
11058,14.2857
11059,14.2857
11060,14.2857
11061,14.2857
11062,14.2857
11063,14.2857
11064,14.2857
11065,14.2857
11066,14.2857
11067,14.2857
11068,14.2857
11069,14.2857
11070,14.2857
11071,14.2857
11072,14.2857
11073,14.2857
11074,14.2857
11075,14.2857
11076,14.2857
11077,14.2857
11078,14.2857
11079,14.2857
11080,14.2857
11081,14.2857
11082,14.2857
11083,14.2857
11084,14.2857
11085,14.2857
11086,14.2857
11087,14.2857
11088,14.2857
11089,14.2857
11090,14.2857
11091,14.2857
11092,14.2857
11093,14.2857
11094,14.2857
11095,14.2857
11096,14.2857
11097,14.2857
11098,14.2857
11099,14.2857
11100,14.2857
11101,14.2857
11102,14.2857
11103,14.2857
11104,14.2857
11105,14.2857
11106,14.2857
11107,14.2857
11108,14.2857
11109,14.2857
11110,14.2857
11111,14.2857
11112,14.2857
11113,14.2857
11114,14.2857
11115,14.2857
11116,14.2857
11117,14.2857
11118,14.2857
11119,14.2857
11120,14.2857
11121,14.2857
11122,14.2857
11123,14.2857
11124,14.2857
11125,14.2857
11126,14.2857
11127,14.2857
11128,14.2857
11129,14.2857
11130,14.2857
11131,14.2857
11132,14.2857
11133,14.2857
11134,14.2857
11135,14.2857
11136,14.2857
11137,14.2857
11138,14.2857
11139,14.2857
11140,14.2857
11141,14.2857
11142,14.2857
11143,14.2857
11144,14.2857
11145,14.2857
11146,14.2857
11147,14.2857
11148,14.2857
11149,14.2857
11150,14.2857
11151,14.2857
11152,14.2857
11153,14.2857
11154,14.2857
11155,14.2857
11156,14.2857
11157,14.2857
11158,14.2857
11159,14.2857
11160,14.2857
11161,14.2857
11162,14.2857
11163,14.2857
11164,14.2857
11165,14.2857
11166,14.2857
11167,14.2857
11168,14.2857
11169,14.2857
11170,14.2857
11171,14.2857
11172,14.2857
11173,14.2857
11174,14.2857
11175,14.2857
11176,14.2857
11177,14.2857
11178,14.2857
11179,14.2857
11180,14.2857
11181,14.2857
11182,14.2857
11183,14.2857
11184,14.2857
11185,14.2857
11186,14.2857
11187,14.2857
11188,14.2857
11189,14.2857
11190,14.2857
11191,14.2857
11192,14.2857
11193,14.2857
11194,14.2857
11195,14.2857
11196,14.2857
11197,14.2857
11198,14.2857
11199,14.2857
11200,14.2857
11201,14.2857
11202,14.2857
11203,14.2857
11204,14.2857
11205,14.2857
11206,14.2857
11207,14.2857
11208,14.2857
11209,14.2857
11210,14.2857
11211,14.2857
11212,14.2857
11213,14.2857
11214,14.2857
11215,14.2857
11216,14.2857
11217,14.2857
11218,14.2857
11219,14.2857
11220,14.2857
11221,14.2857
11222,14.2857
11223,14.2857
11224,14.2857
11225,14.2857
11226,14.2857
11227,14.2857
11228,14.2857
11229,14.2857
11230,14.2857
11231,14.2857
11232,14.2857
11233,14.2857
11234,14.2857
11235,14.2857
11236,14.2857
11237,14.2857
11238,14.2857
11239,14.2857
11240,14.2857
11241,14.2857
11242,14.2857
11243,14.2857
11244,14.2857
11245,14.2857
11246,14.2857
11247,14.2857
11248,14.2857
11249,14.2857
11250,14.2857
11251,14.2857
11252,14.2857
11253,14.2857
11254,14.2857
11255,14.2857
11256,14.2857
11257,14.2857
11258,14.2857
11259,14.2857
11260,14.2857
11261,14.2857
11262,14.2857
11263,14.2857
11264,14.2857
11265,14.2857
11266,14.2857
11267,14.2857
11268,14.2857
11269,14.2857
11270,14.2857
11271,14.2857
11272,14.2857
11273,14.2857
11274,14.2857
11275,14.2857
11276,14.2857
11277,14.2857
11278,14.2857
11279,14.2857
11280,14.2857
11281,14.2857
11282,14.2857
11283,14.2857
11284,14.2857
11285,14.2857
11286,14.2857
11287,14.2857
11288,14.2857
11289,14.2857
11290,14.2857
11291,14.2857
11292,14.2857
11293,14.2857
11294,14.2857
11295,14.2857
11296,14.2857
11297,14.2857
11298,14.2857
11299,14.2857
11300,14.2857
11301,14.2857
11302,14.2857
11303,14.2857
11304,14.2857
11305,14.2857
11306,14.2857
11307,14.2857
11308,14.2857
11309,14.2857
11310,14.2857
11311,14.2857
11312,14.2857
11313,14.2857
11314,14.2857
11315,14.2857
11316,14.2857
11317,14.2857
11318,14.2857
11319,14.2857
11320,14.2857
11321,14.2857
11322,14.2857
11323,14.2857
11324,14.2857
11325,14.2857
11326,14.2857
11327,14.2857
11328,14.2857
11329,14.2857
11330,14.2857
11331,14.2857
11332,14.2857
11333,14.2857
11334,14.2857
11335,14.2857
11336,14.2857
11337,14.2857
11338,14.2857
11339,14.2857
11340,14.2857
11341,14.2857
11342,14.2857
11343,14.2857
11344,14.2857
11345,14.2857
11346,14.2857
11347,14.2857
11348,14.2857
11349,14.2857
11350,14.2857
11351,14.2857
11352,14.2857
11353,14.2857
11354,14.2857
11355,14.2857
11356,14.2857
11357,14.2857
11358,14.2857
11359,14.2857
11360,14.2857
11361,14.2857
11362,14.2857
11363,14.2857
11364,14.2857
11365,14.2857
11366,14.2857
11367,14.2857
11368,14.2857
11369,14.2857
11370,14.2857
11371,14.2857
11372,14.2857
11373,14.2857
11374,14.2857
11375,14.2857
11376,14.2857
11377,14.2857
11378,14.2857
11379,14.2857
11380,14.2857
11381,14.2857
11382,14.2857
11383,14.2857
11384,14.2857
11385,14.2857
11386,14.2857
11387,14.2857
11388,14.2857
11389,14.2857
11390,14.2857
11391,14.2857
11392,14.2857
11393,14.2857
11394,14.2857
11395,14.2857
11396,14.2857
11397,14.2857
11398,14.2857
11399,14.2857
11400,14.2857
11401,14.2857
11402,14.2857
11403,14.2857
11404,14.2857
11405,14.2857
11406,14.2857
11407,14.2857
11408,14.2857
11409,14.2857
11410,14.2857
11411,14.2857
11412,14.2857
11413,14.2857
11414,14.2857
11415,14.2857
11416,14.2857
11417,14.2857
11418,14.2857
11419,14.2857
11420,14.2857
11421,14.2857
11422,14.2857
11423,14.2857
11424,14.2857
11425,14.2857
11426,14.2857
11427,14.2857
11428,14.2857
11429,14.2857
11430,14.2857
11431,14.2857
11432,14.2857
11433,14.2857
11434,14.2857
11435,14.2857
11436,14.2857
11437,14.2857
11438,14.2857
11439,14.2857
11440,14.2857
11441,14.2857
11442,14.2857
11443,14.2857
11444,14.2857
11445,14.2857
11446,14.2857
11447,14.2857
11448,14.2857
11449,14.2857
11450,14.2857
11451,14.2857
11452,14.2857
11453,14.2857
11454,14.2857
11455,14.2857
11456,14.2857
11457,14.2857
11458,14.2857
11459,14.2857
11460,14.2857
11461,14.2857
11462,14.2857
11463,14.2857
11464,14.2857
11465,14.2857
11466,14.2857
11467,14.2857
11468,14.2857
11469,14.2857
11470,14.2857
11471,14.2857
11472,14.2857
11473,14.2857
11474,14.2857
11475,14.2857
11476,14.2857
11477,14.2857
11478,14.2857
11479,14.2857
11480,14.2857
11481,14.2857
11482,14.2857
11483,14.2857
11484,14.2857
11485,14.2857
11486,14.2857
11487,14.2857
11488,14.2857
11489,14.2857
11490,14.2857
11491,14.2857
11492,14.2857
11493,14.2857
11494,14.2857
11495,14.2857
11496,14.2857
11497,14.2857
11498,14.2857
11499,14.2857
11500,14.2857
11501,14.2857
11502,14.2857
11503,14.2857
11504,14.2857
11505,14.2857
11506,14.2857
11507,14.2857
11508,14.2857
11509,14.2857
11510,14.2857
11511,14.2857
11512,14.2857
11513,14.2857
11514,14.2857
11515,14.2857
11516,14.2857
11517,14.2857
11518,14.2857
11519,14.2857
11520,14.2857
11521,14.2857
11522,14.2857
11523,14.2857
11524,14.2857
11525,14.2857
11526,14.2857
11527,14.2857
11528,14.2857
11529,14.2857
11530,14.2857
11531,14.2857
11532,14.2857
11533,14.2857
11534,14.2857
11535,14.2857
11536,14.2857
11537,14.2857
11538,14.2857
11539,14.2857
11540,14.2857
11541,14.2857
11542,14.2857
11543,14.2857
11544,14.2857
11545,14.2857
11546,14.2857
11547,14.2857
11548,14.2857
11549,14.2857
11550,14.2857
11551,14.2857
11552,14.2857
11553,14.2857
11554,14.2857
11555,14.2857
11556,14.2857
11557,14.2857
11558,14.2857
11559,14.2857
11560,14.2857
11561,14.2857
11562,14.2857
11563,14.2857
11564,14.2857
11565,14.2857
11566,14.2857
11567,14.2857
11568,14.2857
11569,14.2857
11570,14.2857
11571,14.2857
11572,14.2857
11573,14.2857
11574,14.2857
11575,14.2857
11576,14.2857
11577,14.2857
11578,14.2857
11579,14.2857
11580,14.2857
11581,14.2857
11582,14.2857
11583,14.2857
11584,14.2857
11585,14.2857
11586,14.2857
11587,14.2857
11588,14.2857
11589,14.2857
11590,14.2857
11591,14.2857
11592,14.2857
11593,14.2857
11594,14.2857
11595,14.2857
11596,14.2857
11597,14.2857
11598,14.2857
11599,14.2857
11600,14.2857
11601,14.2857
11602,14.2857
11603,14.2857
11604,14.2857
11605,14.2857
11606,14.2857
11607,14.2857
11608,14.2857
11609,14.2857
11610,14.2857
11611,14.2857
11612,14.2857
11613,14.2857
11614,14.2857
11615,14.2857
11616,14.2857
11617,14.2857
11618,14.2857
11619,14.2857
11620,14.2857
11621,14.2857
11622,14.2857
11623,14.2857
11624,14.2857
11625,14.2857
11626,14.2857
11627,14.2857
11628,14.2857
11629,14.2857
11630,14.2857
11631,14.2857
11632,14.2857
11633,14.2857
11634,14.2857
11635,14.2857
11636,14.2857
11637,14.2857
11638,14.2857
11639,14.2857
11640,14.2857
11641,14.2857
11642,14.2857
11643,14.2857
11644,14.2857
11645,14.2857
11646,14.2857
11647,14.2857
11648,14.2857
11649,14.2857
11650,14.2857
11651,14.2857
11652,14.2857
11653,14.2857
11654,14.2857
11655,14.2857
11656,14.2857
11657,14.2857
11658,14.2857
11659,14.2857
11660,14.2857
11661,14.2857
11662,14.2857
11663,14.2857
11664,14.2857
11665,14.2857
11666,14.2857
11667,14.2857
11668,14.2857
11669,14.2857
11670,14.2857
11671,14.2857
11672,14.2857
11673,14.2857
11674,14.2857
11675,14.2857
11676,14.2857
11677,14.2857
11678,14.2857
11679,14.2857
11680,14.2857
11681,14.2857
11682,14.2857
11683,14.2857
11684,14.2857
11685,14.2857
11686,14.2857
11687,14.2857
11688,14.2857
11689,14.2857
11690,14.2857
11691,14.2857
11692,14.2857
11693,14.2857
11694,14.2857
11695,14.2857
11696,14.2857
11697,14.2857
11698,14.2857
11699,14.2857
11700,14.2857
11701,14.2857
11702,14.2857
11703,14.2857
11704,14.2857
11705,14.2857
11706,14.2857
11707,14.2857
11708,14.2857
11709,14.2857
11710,14.2857
11711,14.2857
11712,14.2857
11713,14.2857
11714,14.2857
11715,14.2857
11716,14.2857
11717,14.2857
11718,14.2857
11719,14.2857
11720,14.2857
11721,14.2857
11722,14.2857
11723,14.2857
11724,14.2857
11725,14.2857
11726,14.2857
11727,14.2857
11728,14.2857
11729,14.2857
11730,14.2857
11731,14.2857
11732,14.2857
11733,14.2857
11734,14.2857
11735,14.2857
11736,14.2857
11737,14.2857
11738,14.2857
11739,14.2857
11740,14.2857
11741,14.2857
11742,14.2857
11743,14.2857
11744,14.2857
11745,14.2857
11746,14.2857
11747,14.2857
11748,14.2857
11749,14.2857
11750,14.2857
11751,14.2857
11752,14.2857
11753,14.2857
11754,14.2857
11755,14.2857
11756,14.2857
11757,14.2857
11758,14.2857
11759,14.2857
11760,14.2857
11761,14.2857
11762,14.2857
11763,14.2857
11764,14.2857
11765,14.2857
11766,14.2857
11767,14.2857
11768,14.2857
11769,14.2857
11770,14.2857
11771,14.2857
11772,14.2857
11773,14.2857
11774,14.2857
11775,14.2857
11776,14.2857
11777,14.2857
11778,14.2857
11779,14.2857
11780,14.2857
11781,14.2857
11782,14.2857
11783,14.2857
11784,14.2857
11785,14.2857
11786,14.2857
11787,14.2857
11788,14.2857
11789,14.2857
11790,14.2857
11791,14.2857
11792,14.2857
11793,14.2857
11794,14.2857
11795,14.2857
11796,14.2857
11797,14.2857
11798,14.2857
11799,14.2857
11800,14.2857
11801,14.2857
11802,14.2857
11803,14.2857
11804,14.2857
11805,14.2857
11806,14.2857
11807,14.2857
11808,14.2857
11809,14.2857
11810,14.2857
11811,14.2857
11812,14.2857
11813,14.2857
11814,14.2857
11815,14.2857
11816,14.2857
11817,14.2857
11818,14.2857
11819,14.2857
11820,14.2857
11821,14.2857
11822,14.2857
11823,14.2857
11824,14.2857
11825,14.2857
11826,14.2857
11827,14.2857
11828,14.2857
11829,14.2857
11830,14.2857
11831,14.2857
11832,14.2857
11833,14.2857
11834,14.2857
11835,14.2857
11836,14.2857
11837,14.2857
11838,14.2857
11839,14.2857
11840,14.2857
11841,14.2857
11842,14.2857
11843,14.2857
11844,14.2857
11845,14.2857
11846,14.2857
11847,14.2857
11848,14.2857
11849,14.2857
11850,14.2857
11851,14.2857
11852,14.2857
11853,14.2857
11854,14.2857
11855,14.2857
11856,14.2857
11857,14.2857
11858,14.2857
11859,14.2857
11860,14.2857
11861,14.2857
11862,14.2857
11863,14.2857
11864,14.2857
11865,14.2857
11866,14.2857
11867,14.2857
11868,14.2857
11869,14.2857
11870,14.2857
11871,14.2857
11872,14.2857
11873,14.2857
11874,14.2857
11875,14.2857
11876,14.2857
11877,14.2857
11878,14.2857
11879,14.2857
11880,14.2857
11881,14.2857
11882,14.2857
11883,14.2857
11884,14.2857
11885,14.2857
11886,14.2857
11887,14.2857
11888,14.2857
11889,14.2857
11890,14.2857
11891,14.2857
11892,14.2857
11893,14.2857
11894,14.2857
11895,14.2857
11896,14.2857
11897,14.2857
11898,14.2857
11899,14.2857
11900,14.2857
11901,14.2857
11902,14.2857
11903,14.2857
11904,14.2857
11905,14.2857
11906,14.2857
11907,14.2857
11908,14.2857
11909,14.2857
11910,14.2857
11911,14.2857
11912,14.2857
11913,14.2857
11914,14.2857
11915,14.2857
11916,14.2857
11917,14.2857
11918,14.2857
11919,14.2857
11920,14.2857
11921,14.2857
11922,14.2857
11923,14.2857
11924,14.2857
11925,14.2857
11926,14.2857
11927,14.2857
11928,14.2857
11929,14.2857
11930,14.2857
11931,14.2857
11932,14.2857
11933,14.2857
11934,14.2857
11935,14.2857
11936,14.2857
11937,14.2857
11938,14.2857
11939,14.2857
11940,14.2857
11941,14.2857
11942,14.2857
11943,14.2857
11944,14.2857
11945,14.2857
11946,14.2857
11947,14.2857
11948,14.2857
11949,14.2857
11950,14.2857
11951,14.2857
11952,14.2857
11953,14.2857
11954,14.2857
11955,14.2857
11956,14.2857
11957,14.2857
11958,14.2857
11959,14.2857
11960,14.2857
11961,14.2857
11962,14.2857
11963,14.2857
11964,14.2857
11965,14.2857
11966,14.2857
11967,14.2857
11968,14.2857
11969,14.2857
11970,14.2857
11971,14.2857
11972,14.2857
11973,14.2857
11974,14.2857
11975,14.2857
11976,14.2857
11977,14.2857
11978,14.2857
11979,14.2857
11980,14.2857
11981,14.2857
11982,14.2857
11983,14.2857
11984,14.2857
11985,14.2857
11986,14.2857
11987,14.2857
11988,14.2857
11989,14.2857
11990,14.2857
11991,14.2857
11992,14.2857
11993,14.2857
11994,14.2857
11995,14.2857
11996,14.2857
11997,14.2857
11998,14.2857
11999,14.2857
12000,14.2857
12001,14.2857
12002,14.2857
12003,14.2857
12004,14.2857
12005,14.2857
12006,14.2857
12007,14.2857
12008,14.2857
12009,14.2857
12010,14.2857
12011,14.2857
12012,14.2857
12013,14.2857
12014,14.2857
12015,14.2857
12016,14.2857
12017,14.2857
12018,14.2857
12019,14.2857
12020,14.2857
12021,14.2857
12022,14.2857
12023,14.2857
12024,14.2857
12025,14.2857
12026,14.2857
12027,14.2857
12028,14.2857
12029,14.2857
12030,14.2857
12031,14.2857
12032,14.2857
12033,14.2857
12034,14.2857
12035,14.2857
12036,14.2857
12037,14.2857
12038,14.2857
12039,14.2857
12040,14.2857
12041,14.2857
12042,14.2857
12043,14.2857
12044,14.2857
12045,14.2857
12046,14.2857
12047,14.2857
12048,14.2857
12049,14.2857
12050,14.2857
12051,14.2857
12052,14.2857
12053,14.2857
12054,14.2857
12055,14.2857
12056,14.2857
12057,14.2857
12058,14.2857
12059,14.2857
12060,14.2857
12061,14.2857
12062,14.2857
12063,14.2857
12064,14.2857
12065,14.2857
12066,14.2857
12067,14.2857
12068,14.2857
12069,14.2857
12070,14.2857
12071,14.2857
12072,14.2857
12073,14.2857
12074,14.2857
12075,14.2857
12076,14.2857
12077,14.2857
12078,14.2857
12079,14.2857
12080,14.2857
12081,14.2857
12082,14.2857
12083,14.2857
12084,14.2857
12085,14.2857
12086,14.2857
12087,14.2857
12088,14.2857
12089,14.2857
12090,14.2857
12091,14.2857
12092,14.2857
12093,14.2857
12094,14.2857
12095,14.2857
12096,14.2857
12097,14.2857
12098,14.2857
12099,14.2857
12100,14.2857
12101,14.2857
12102,14.2857
12103,14.2857
12104,14.2857
12105,14.2857
12106,14.2857
12107,14.2857
12108,14.2857
12109,14.2857
12110,14.2857
12111,14.2857
12112,14.2857
12113,14.2857
12114,14.2857
12115,14.2857
12116,14.2857
12117,14.2857
12118,14.2857
12119,14.2857
12120,14.2857
12121,14.2857
12122,14.2857
12123,14.2857
12124,14.2857
12125,14.2857
12126,14.2857
12127,14.2857
12128,14.2857
12129,14.2857
12130,14.2857
12131,14.2857
12132,14.2857
12133,14.2857
12134,14.2857
12135,14.2857
12136,14.2857
12137,14.2857
12138,14.2857
12139,14.2857
12140,14.2857
12141,14.2857
12142,14.2857
12143,14.2857
12144,14.2857
12145,14.2857
12146,14.2857
12147,14.2857
12148,14.2857
12149,14.2857
12150,14.2857
12151,14.2857
12152,14.2857
12153,14.2857
12154,14.2857
12155,14.2857
12156,14.2857
12157,14.2857
12158,14.2857
12159,14.2857
12160,14.2857
12161,14.2857
12162,14.2857
12163,14.2857
12164,14.2857
12165,14.2857
12166,14.2857
12167,14.2857
12168,14.2857
12169,14.2857
12170,14.2857
12171,14.2857
12172,14.2857
12173,14.2857
12174,14.2857
12175,14.2857
12176,14.2857
12177,14.2857
12178,14.2857
12179,14.2857
12180,14.2857
12181,14.2857
12182,14.2857
12183,14.2857
12184,14.2857
12185,14.2857
12186,14.2857
12187,14.2857
12188,14.2857
12189,14.2857
12190,14.2857
12191,14.2857
12192,14.2857
12193,14.2857
12194,14.2857
12195,14.2857
12196,14.2857
12197,14.2857
12198,14.2857
12199,14.2857
12200,14.2857
12201,14.2857
12202,14.2857
12203,14.2857
12204,14.2857
12205,14.2857
12206,14.2857
12207,14.2857
12208,14.2857
12209,14.2857
12210,14.2857
12211,14.2857
12212,14.2857
12213,14.2857
12214,14.2857
12215,14.2857
12216,14.2857
12217,14.2857
12218,14.2857
12219,14.2857
12220,14.2857
12221,14.2857
12222,14.2857
12223,14.2857
12224,14.2857
12225,14.2857
12226,14.2857
12227,14.2857
12228,14.2857
12229,14.2857
12230,14.2857
12231,14.2857
12232,14.2857
12233,14.2857
12234,14.2857
12235,14.2857
12236,14.2857
12237,14.2857
12238,14.2857
12239,14.2857
12240,14.2857
12241,14.2857
12242,14.2857
12243,14.2857
12244,14.2857
12245,14.2857
12246,14.2857
12247,14.2857
12248,14.2857
12249,14.2857
12250,14.2857
12251,14.2857
12252,14.2857
12253,14.2857
12254,14.2857
12255,14.2857
12256,14.2857
12257,14.2857
12258,14.2857
12259,14.2857
12260,14.2857
12261,14.2857
12262,14.2857
12263,14.2857
12264,14.2857
12265,14.2857
12266,14.2857
12267,14.2857
12268,14.2857
12269,14.2857
12270,14.2857
12271,14.2857
12272,14.2857
12273,14.2857
12274,14.2857
12275,14.2857
12276,14.2857
12277,14.2857
12278,14.2857
12279,14.2857
12280,14.2857
12281,14.2857
12282,14.2857
12283,14.2857
12284,14.2857
12285,14.2857
12286,14.2857
12287,14.2857
12288,14.2857
12289,14.2857
12290,14.2857
12291,14.2857
12292,14.2857
12293,14.2857
12294,14.2857
12295,14.2857
12296,14.2857
12297,14.2857
12298,14.2857
12299,14.2857
12300,14.2857
12301,14.2857
12302,14.2857
12303,14.2857
12304,14.2857
12305,14.2857
12306,14.2857
12307,14.2857
12308,14.2857
12309,14.2857
12310,14.2857
12311,14.2857
12312,14.2857
12313,14.2857
12314,14.2857
12315,14.2857
12316,14.2857
12317,14.2857
12318,14.2857
12319,14.2857
12320,14.2857
12321,14.2857
12322,14.2857
12323,14.2857
12324,14.2857
12325,14.2857
12326,14.2857
12327,14.2857
12328,14.2857
12329,14.2857
12330,14.2857
12331,14.2857
12332,14.2857
12333,14.2857
12334,14.2857
12335,14.2857
12336,14.2857
12337,14.2857
12338,14.2857
12339,14.2857
12340,14.2857
12341,14.2857
12342,14.2857
12343,14.2857
12344,14.2857
12345,14.2857
12346,14.2857
12347,14.2857
12348,14.2857
12349,14.2857
12350,14.2857
12351,14.2857
12352,14.2857
12353,14.2857
12354,14.2857
12355,14.2857
12356,14.2857
12357,14.2857
12358,14.2857
12359,14.2857
12360,14.2857
12361,14.2857
12362,14.2857
12363,14.2857
12364,14.2857
12365,14.2857
12366,14.2857
12367,14.2857
12368,14.2857
12369,14.2857
12370,14.2857
12371,14.2857
12372,14.2857
12373,14.2857
12374,14.2857
12375,14.2857
12376,14.2857
12377,14.2857
12378,14.2857
12379,14.2857
12380,14.2857
12381,14.2857
12382,14.2857
12383,14.2857
12384,14.2857
12385,14.2857
12386,14.2857
12387,14.2857
12388,14.2857
12389,14.2857
12390,14.2857
12391,14.2857
12392,14.2857
12393,14.2857
12394,14.2857
12395,14.2857
12396,14.2857
12397,14.2857
12398,14.2857
12399,14.2857
12400,14.2857
12401,14.2857
12402,14.2857
12403,14.2857
12404,14.2857
12405,14.2857
12406,14.2857
12407,14.2857
12408,14.2857
12409,14.2857
12410,14.2857
12411,14.2857
12412,14.2857
12413,14.2857
12414,14.2857
12415,14.2857
12416,14.2857
12417,14.2857
12418,14.2857
12419,14.2857
12420,14.2857
12421,14.2857
12422,14.2857
12423,14.2857
12424,14.2857
12425,14.2857
12426,14.2857
12427,14.2857
12428,14.2857
12429,14.2857
12430,14.2857
12431,14.2857
12432,14.2857
12433,14.2857
12434,14.2857
12435,14.2857
12436,14.2857
12437,14.2857
12438,14.2857
12439,14.2857
12440,14.2857
12441,14.2857
12442,14.2857
12443,14.2857
12444,14.2857
12445,14.2857
12446,14.2857
12447,14.2857
12448,14.2857
12449,14.2857
12450,14.2857
12451,14.2857
12452,14.2857
12453,14.2857
12454,14.2857
12455,14.2857
12456,14.2857
12457,14.2857
12458,14.2857
12459,14.2857
12460,14.2857
12461,14.2857
12462,14.2857
12463,14.2857
12464,14.2857
12465,14.2857
12466,14.2857
12467,14.2857
12468,14.2857
12469,14.2857
12470,14.2857
12471,14.2857
12472,14.2857
12473,14.2857
12474,14.2857
12475,14.2857
12476,14.2857
12477,14.2857
12478,14.2857
12479,14.2857
12480,14.2857
12481,14.2857
12482,14.2857
12483,14.2857
12484,14.2857
12485,14.2857
12486,14.2857
12487,14.2857
12488,14.2857
12489,14.2857
12490,14.2857
12491,14.2857
12492,14.2857
12493,14.2857
12494,14.2857
12495,14.2857
12496,14.2857
12497,14.2857
12498,14.2857
12499,14.2857
12500,14.2857
12501,14.2857
12502,14.2857
12503,14.2857
12504,14.2857
12505,14.2857
12506,14.2857
12507,14.2857
12508,14.2857
12509,14.2857
12510,14.2857
12511,14.2857
12512,14.2857
12513,14.2857
12514,14.2857
12515,14.2857
12516,14.2857
12517,14.2857
12518,14.2857
12519,14.2857
12520,14.2857
12521,14.2857
12522,14.2857
12523,14.2857
12524,14.2857
12525,14.2857
12526,14.2857
12527,14.2857
12528,14.2857
12529,14.2857
12530,14.2857
12531,14.2857
12532,14.2857
12533,14.2857
12534,14.2857
12535,14.2857
12536,14.2857
12537,14.2857
12538,14.2857
12539,14.2857
12540,14.2857
12541,14.2857
12542,14.2857
12543,14.2857
12544,14.2857
12545,14.2857
12546,14.2857
12547,14.2857
12548,14.2857
12549,14.2857
12550,14.2857
12551,14.2857
12552,14.2857
12553,14.2857
12554,14.2857
12555,14.2857
12556,14.2857
12557,14.2857
12558,14.2857
12559,14.2857
12560,14.2857
12561,14.2857
12562,14.2857
12563,14.2857
12564,14.2857
12565,14.2857
12566,14.2857
12567,14.2857
12568,14.2857
12569,14.2857
12570,14.2857
12571,14.2857
12572,14.2857
12573,14.2857
12574,14.2857
12575,14.2857
12576,14.2857
12577,14.2857
12578,14.2857
12579,14.2857
12580,14.2857
12581,14.2857
12582,14.2857
12583,14.2857
12584,14.2857
12585,14.2857
12586,14.2857
12587,14.2857
12588,14.2857
12589,14.2857
12590,14.2857
12591,14.2857
12592,14.2857
12593,14.2857
12594,14.2857
12595,14.2857
12596,14.2857
12597,14.2857
12598,14.2857
12599,14.2857
12600,14.2857
12601,14.2857
12602,14.2857
12603,14.2857
12604,14.2857
12605,14.2857
12606,14.2857
12607,14.2857
12608,14.2857
12609,14.2857
12610,14.2857
12611,14.2857
12612,14.2857
12613,14.2857
12614,14.2857
12615,14.2857
12616,14.2857
12617,14.2857
12618,14.2857
12619,14.2857
12620,14.2857
12621,14.2857
12622,14.2857
12623,14.2857
12624,14.2857
12625,14.2857
12626,14.2857
12627,14.2857
12628,14.2857
12629,14.2857
12630,14.2857
12631,14.2857
12632,14.2857
12633,14.2857
12634,14.2857
12635,14.2857
12636,14.2857
12637,14.2857
12638,14.2857
12639,14.2857
12640,14.2857
12641,14.2857
12642,14.2857
12643,14.2857
12644,14.2857
12645,14.2857
12646,14.2857
12647,14.2857
12648,14.2857
12649,14.2857
12650,14.2857
12651,14.2857
12652,14.2857
12653,14.2857
12654,14.2857
12655,14.2857
12656,14.2857
12657,14.2857
12658,14.2857
12659,14.2857
12660,14.2857
12661,14.2857
12662,14.2857
12663,14.2857
12664,14.2857
12665,14.2857
12666,14.2857
12667,14.2857
12668,14.2857
12669,14.2857
12670,14.2857
12671,14.2857
12672,14.2857
12673,14.2857
12674,14.2857
12675,14.2857
12676,14.2857
12677,14.2857
12678,14.2857
12679,14.2857
12680,14.2857
12681,14.2857
12682,14.2857
12683,14.2857
12684,14.2857
12685,14.2857
12686,14.2857
12687,14.2857
12688,14.2857
12689,14.2857
12690,14.2857
12691,14.2857
12692,14.2857
12693,14.2857
12694,14.2857
12695,14.2857
12696,14.2857
12697,14.2857
12698,14.2857
12699,14.2857
12700,14.2857
12701,14.2857
12702,14.2857
12703,14.2857
12704,14.2857
12705,14.2857
12706,14.2857
12707,14.2857
12708,14.2857
12709,14.2857
12710,14.2857
12711,14.2857
12712,14.2857
12713,14.2857
12714,14.2857
12715,14.2857
12716,14.2857
12717,14.2857
12718,14.2857
12719,14.2857
12720,14.2857
12721,14.2857
12722,14.2857
12723,14.2857
12724,14.2857
12725,14.2857
12726,14.2857
12727,14.2857
12728,14.2857
12729,14.2857
12730,14.2857
12731,14.2857
12732,14.2857
12733,14.2857
12734,14.2857
12735,14.2857
12736,14.2857
12737,14.2857
12738,14.2857
12739,14.2857
12740,14.2857
12741,14.2857
12742,14.2857
12743,14.2857
12744,14.2857
12745,14.2857
12746,14.2857
12747,14.2857
12748,14.2857
12749,14.2857
12750,14.2857
12751,14.2857
12752,14.2857
12753,14.2857
12754,14.2857
12755,14.2857
12756,14.2857
12757,14.2857
12758,14.2857
12759,14.2857
12760,14.2857
12761,14.2857
12762,14.2857
12763,14.2857
12764,14.2857
12765,14.2857
12766,14.2857
12767,14.2857
12768,14.2857
12769,14.2857
12770,14.2857
12771,14.2857
12772,14.2857
12773,14.2857
12774,14.2857
12775,14.2857
12776,14.2857
12777,14.2857
12778,14.2857
12779,14.2857
12780,14.2857
12781,14.2857
12782,14.2857
12783,14.2857
12784,14.2857
12785,14.2857
12786,14.2857
12787,14.2857
12788,14.2857
12789,14.2857
12790,14.2857
12791,14.2857
12792,14.2857
12793,14.2857
12794,14.2857
12795,14.2857
12796,14.2857
12797,14.2857
12798,14.2857
12799,14.2857
12800,14.2857
12801,14.2857
12802,14.2857
12803,14.2857
12804,14.2857
12805,14.2857
12806,14.2857
12807,14.2857
12808,14.2857
12809,14.2857
12810,14.2857
12811,14.2857
12812,14.2857
12813,14.2857
12814,14.2857
12815,14.2857
12816,14.2857
12817,14.2857
12818,14.2857
12819,14.2857
12820,14.2857
12821,14.2857
12822,14.2857
12823,14.2857
12824,14.2857
12825,14.2857
12826,14.2857
12827,14.2857
12828,14.2857
12829,14.2857
12830,14.2857
12831,14.2857
12832,14.2857
12833,14.2857
12834,14.2857
12835,14.2857
12836,14.2857
12837,14.2857
12838,14.2857
12839,14.2857
12840,14.2857
12841,14.2857
12842,14.2857
12843,14.2857
12844,14.2857
12845,14.2857
12846,14.2857
12847,14.2857
12848,14.2857
12849,14.2857
12850,14.2857
12851,14.2857
12852,14.2857
12853,14.2857
12854,14.2857
12855,14.2857
12856,14.2857
12857,14.2857
12858,14.2857
12859,14.2857
12860,14.2857
12861,14.2857
12862,14.2857
12863,14.2857
12864,14.2857
12865,14.2857
12866,14.2857
12867,14.2857
12868,14.2857
12869,14.2857
12870,14.2857
12871,14.2857
12872,14.2857
12873,14.2857
12874,14.2857
12875,14.2857
12876,14.2857
12877,14.2857
12878,14.2857
12879,14.2857
12880,14.2857
12881,14.2857
12882,14.2857
12883,14.2857
12884,14.2857
12885,14.2857
12886,14.2857
12887,14.2857
12888,14.2857
12889,14.2857
12890,14.2857
12891,14.2857
12892,14.2857
12893,14.2857
12894,14.2857
12895,14.2857
12896,14.2857
12897,14.2857
12898,14.2857
12899,14.2857
12900,14.2857
12901,14.2857
12902,14.2857
12903,14.2857
12904,14.2857
12905,14.2857
12906,14.2857
12907,14.2857
12908,14.2857
12909,14.2857
12910,14.2857
12911,14.2857
12912,14.2857
12913,14.2857
12914,14.2857
12915,14.2857
12916,14.2857
12917,14.2857
12918,14.2857
12919,14.2857
12920,14.2857
12921,14.2857
12922,14.2857
12923,14.2857
12924,14.2857
12925,14.2857
12926,14.2857
12927,14.2857
12928,14.2857
12929,14.2857
12930,14.2857
12931,14.2857
12932,14.2857
12933,14.2857
12934,14.2857
12935,14.2857
12936,14.2857
12937,14.2857
12938,14.2857
12939,14.2857
12940,14.2857
12941,14.2857
12942,14.2857
12943,14.2857
12944,14.2857
12945,14.2857
12946,14.2857
12947,14.2857
12948,14.2857
12949,14.2857
12950,14.2857
12951,14.2857
12952,14.2857
12953,14.2857
12954,14.2857
12955,14.2857
12956,14.2857
12957,14.2857
12958,14.2857
12959,14.2857
12960,14.2857
12961,14.2857
12962,14.2857
12963,14.2857
12964,14.2857
12965,14.2857
12966,14.2857
12967,14.2857
12968,14.2857
12969,14.2857
12970,14.2857
12971,14.2857
12972,14.2857
12973,14.2857
12974,14.2857
12975,14.2857
12976,14.2857
12977,14.2857
12978,14.2857
12979,14.2857
12980,14.2857
12981,14.2857
12982,14.2857
12983,14.2857
12984,14.2857
12985,14.2857
12986,14.2857
12987,14.2857
12988,14.2857
12989,14.2857
12990,14.2857
12991,14.2857
12992,14.2857
12993,14.2857
12994,14.2857
12995,14.2857
12996,14.2857
12997,14.2857
12998,14.2857
12999,14.2857
